{"commit":41234,"user":"Григоренко Александр Олегович","date":1542626916000,"comment":"фикс при сборке\n","items":[{"fullname":"$/Восточный полигон/UnitedRepo2/Service/src/Modules/ServiceDatabase/_self_add_column.rb","type":"file","folder":"$/Восточный полигон/UnitedRepo2/Service/src/Modules/ServiceDatabase","name":"_self_add_column.rb","action":"изменить"},{"fullname":"$/Восточный полигон/UnitedRepo2/Service/src/Modules/ServiceDatabase/_self_change_column_type.rb","type":"file","folder":"$/Восточный полигон/UnitedRepo2/Service/src/Modules/ServiceDatabase","name":"_self_change_column_type.rb","action":"изменить"}]}