[{"comment":"Тестовая метка\r\r\n","items":[{"commit":"32349","item":"$/Восточный полигон/arm-admin-tkp;X2334"},{"commit":"32362","item":"$/Восточный полигон/arm-guest;X2335"},{"commit":"32349","item":"$/Восточный полигон/arm-tech;X2334"},{"commit":"32349","item":"$/Восточный полигон/arm-web;X2334"},{"commit":"22446","item":"$/Восточный полигон/INTISUZT;X1613"},{"commit":"32349","item":"$/Восточный полигон/mnemo-web;X2334"},{"commit":"198","item":"$/Восточный полигон/shep_test;X26"},{"commit":"34381","item":"$/Восточный полигон/UnitTest;X2467"},{"commit":"684","item":"$/Восточный полигон/users_menu_config.rb;X94"},{"commit":"32349","item":"$/Восточный полигон/web_black_shedule;X2334"},{"commit":"6704","item":"$/Восточный полигон/Восточный полигон.rar;X626"},{"commit":"23552","item":"$/Восточный полигон/ПГФ;X1678"},{"commit":"23552","item":"$/Восточный полигон/СРЦ;X1678"},{"commit":"33752","item":"$/Восточный полигон/УТХ_0815;X2424"},{"commit":"44049","item":"$/Восточный полигон/UnitedRepo2/Service/src/Modules/TFS/src/TFS/_changeset.rb;X3080"},{"commit":"44049","item":"$/Восточный полигон/UnitedRepo2/Service/src/Modules/TFS/src/TFS/_get.rb;X3080"},{"commit":"44049","item":"$/Восточный полигон/UnitedRepo2/Service/src/Modules/TFS/src/TFS/_labels.rb;X3080"},{"commit":"44049","item":"$/Восточный полигон/UnitedRepo2/Service/src/Modules/TFS/src/TFS/_unlabel.rb;X3080"},{"commit":"44049","item":"$/Восточный полигон/UnitedRepo2/Service/src/Modules/TFS/src/TFS/_workfold.rb;X3080"},{"commit":"44049","item":"$/Восточный полигон/UnitedRepo2/Service/src/Modules/TFS/src/TFS/_workspace.rb;X3080"},{"commit":"44049","item":"$/Восточный полигон/UnitedRepo2/Service/src/Modules/TFS/src/TFS/_workspaces.rb;X3080"},{"commit":"44049","item":"$/Восточный полигон/UnitedRepo2/Service/src/Modules/TFS/src/TfsParser/default_parser;X3080"},{"commit":"44049","item":"$/Восточный полигон/UnitedRepo2/Service/src/Modules/TFS/src/TfsParser/default_parser/__create_TfsDefaultParser.rb;X3080"},{"commit":"44049","item":"$/Восточный полигон/UnitedRepo2/Service/src/Modules/TFS/src/TfsParser/default_parser/MD_TfsDefaultParser_changeset.rb;X3080"},{"commit":"44049","item":"$/Восточный полигон/UnitedRepo2/Service/src/Modules/TFS/src/TfsParser/default_parser/MD_TfsDefaultParser_labels.rb;X3080"},{"commit":"44049","item":"$/Восточный полигон/UnitedRepo2/Service/src/Modules/TFS/src/TfsParser/default_parser/MD_TfsDefaultParser_workfold.rb;X3080"},{"commit":"44049","item":"$/Восточный полигон/UnitedRepo2/Service/src/Modules/TFS/src/TfsParser/default_parser/MD_TfsDefaultParser_workspaces.rb;X3080"}],"label":"test_label\r","collection":"$/Восточный полигон\r","owner":"Вавилов Дмитрий Игоревич\r","date":1568044044000}]